price,speed,hd,ssd,ram,screen,touch,usb,battery,backlit,resolution,graphics,cd,multi,premium,ads,trend
4301.365342,30,337,yes,27,17,no,1,3,yes,2059,integrated,yes,yes,no,41,3
6228.499859,91,208,no,25,14,yes,1,2,no,3182,dedicated,yes,no,yes,54,3
4816.297393,94,113,yes,12,15,no,4,7,yes,3811,integrated,yes,no,yes,16,4
3793.177323,35,410,no,12,17,yes,1,4,yes,2342,integrated,no,no,yes,54,4
3920.12268,61,327,no,2,15,yes,4,6,yes,2317,dedicated,yes,yes,yes,34,1
4486.723416,25,410,no,29,15,no,2,4,no,1876,dedicated,yes,yes,no,47,3
5581.456191,1807,139,yes,25,17,no,3,5,yes,2003,dedicated,no,yes,yes,63,3
4469.881239,63,319,yes,15,17,yes,3,8,yes,2931,dedicated,no,yes,yes,11,3
3990.122212,45,101,no,15,15,yes,2,5,no,1316,dedicated,yes,yes,yes,60,4
5001.632433,70,440,no,8,175,yes,4,3,yes,3184,integrated,no,yes,yes,58,1
4029.287922,43,200,yes,27,17,no,3,7,yes,1281,dedicated,yes,no,no,38,4
5256.724752,59,408,no,22,None,yes,1,9,no,3394,integrated,yes,yes,yes,42,3
3727.520664,33,319,no,9,14,no,3,2,no,3227,dedicated,yes,no,no,20,4
4883.258052,52,447,yes,16,15,no,1,9,no,3883,dedicated,yes,yes,no,82,3
4604.859906,67,317,yes,31,16,yes,1,6,yes,1942,integrated,no,no,no,17,2
3031.887287,43,444,no,15,14,no,1,2,yes,1523,integrated,no,no,no,9,4
3458.877896,59,373,yes,4,14,yes,1,4,no,2754,integrated,yes,yes,no,56,1
4388.957518,50,344,no,None,17,yes,1,6,yes,2518,dedicated,no,yes,yes,62,4
5594.458517,72,303,no,30,14,yes,3,4,yes,1362,dedicated,no,no,yes,76,2
473541.4334,80,378,no,16,15,yes,2,3,yes,1569,dedicated,no,yes,no,75,3
4020.904396,37,364,yes,14,14,no,1,3,no,3059,integrated,no,yes,yes,55,1
3781.374528,37,427,yes,24,15,yes,3,9,no,1164,integrated,no,no,yes,72,1
4694.602751,69,363,yes,18,14,yes,4,2,no,1487,dedicated,yes,no,yes,74,4
4858.988175,31,486,yes,14,15,yes,3,5,no,3654,dedicated,no,yes,yes,72,1
1906.38628,25,7,yes,5,14,no,3,2,no,1298,integrated,no,yes,no,8,2
4834.152081,35,395,yes,10,14,no,3,4,yes,4090,dedicated,yes,no,yes,70,4
4728.813287,78,106,yes,7,16,yes,2,6,no,3511,dedicated,no,no,yes,88,4
4566.645307,30,384,no,25,16,no,1,5,yes,3604,integrated,yes,no,no,6,4
4597.473812,78,481,yes,7,14,no,4,8,no,3387,dedicated,no,yes,no,91,1
4855.158315,96,432,no,14,16,no,4,3,yes,2026,dedicated,no,yes,no,49,3
2979.886287,38,201,no,4,15,no,1,5,no,2564,dedicated,yes,no,no,34,4
4509.180072,41,319,yes,16,16,yes,4,8,no,3887,integrated,yes,yes,no,31,1
4031.348132,58,165,no,14,14,no,1,4,yes,2292,integrated,no,no,no,91,3
5102.725775,92,215,no,12,16,no,1,3,no,2342,dedicated,yes,yes,yes,83,4
2663.953723,31,195,yes,3,105,no,4,9,no,1454,integrated,yes,yes,yes,93,1
4000.231566,45,251,no,16,17,no,4,2,yes,1447,dedicated,no,no,yes,41,4
4604.553881,61,150,no,3,14,yes,4,3,no,3734,dedicated,no,no,yes,69,3
3795.225878,62,478,no,20,14,no,1,8,yes,1757,dedicated,no,yes,no,8,2
4718.449494,27,195,yes,17,15,yes,2,4,yes,3120,dedicated,yes,yes,no,72,4
4508.364002,47,356,yes,21,15,yes,1,7,no,2876,integrated,yes,yes,yes,28,1
3038.175155,61,178,no,6,15,yes,3,4,yes,1870,integrated,no,no,no,17,4
3733.960741,65,305,no,15,15,no,4,9,no,2099,integrated,yes,no,no,47,4
4870.77361,32,165,no,18,16,yes,3,9,no,3601,dedicated,yes,yes,yes,31,2
5206.721949,33,361,no,17,14,yes,2,3,yes,3420,integrated,yes,yes,yes,92,1
4089.999782,61,478,yes,27,14,no,3,9,no,1457,dedicated,no,yes,no,25,1
4053.091208,64,302,no,11,16,yes,1,4,yes,2413,dedicated,yes,yes,no,21,2
3944.894534,28,368,no,6,15,yes,3,5,yes,3190,dedicated,no,no,no,98,4
3771.958199,33,266,no,11,16,yes,4,3,no,3151,integrated,yes,no,no,30,3
3631.630044,30,446,no,8,17,no,4,9,no,3685,integrated,no,yes,no,42,1
3767.403538,64,347,yes,5,14,no,2,7,yes,1956,integrated,yes,yes,yes,99,4
5473.88801,56,496,no,22,17,yes,1,2,no,2590,integrated,yes,yes,yes,70,1
5325.159238,58,435,no,18,14,no,3,2,no,3681,integrated,yes,no,yes,64,3
3898.148536,67,424,no,8,17,yes,1,8,no,2247,dedicated,yes,no,no,67,4
5107.604956,37,259,no,14,17,yes,4,3,yes,3747,integrated,no,yes,yes,50,4
4.086203805,67,125,no,19,14,no,1,5,yes,3749,integrated,yes,yes,yes,22,4
4606.482233,93,202,yes,17,14,yes,2,8,yes,1430,integrated,yes,no,yes,85,4
3640.83426,21,321,no,25,17,yes,4,8,yes,1608,integrated,no,no,no,29,4
3649.52743,41,482,no,2,15,no,2,7,yes,3330,integrated,no,yes,no,93,2
4924.956331,53,164,no,19,16,no,2,2,yes,2979,integrated,yes,yes,yes,26,3
3760.072079,37,364,yes,30,15,no,4,8,yes,1302,dedicated,no,no,no,22,2
4188.695128,86,309,yes,11,14,yes,4,8,no,1554,dedicated,yes,yes,no,69,1
5093.430819,25,392,yes,23,15,no,2,7,yes,2996,dedicated,yes,yes,yes,92,1
2968.172537,66,334,no,3,16,yes,2,7,no,1219,integrated,no,no,yes,74,2
3714.883973,86,194,no,3,14,yes,1,6,no,2096,integrated,yes,no,yes,62,2
4287.592326,67,400,yes,2,15,yes,2,9,yes,3585,integrated,yes,yes,yes,77,2
4104.052716,34,390,yes,20,15,yes,4,6,no,2794,integrated,yes,yes,no,19,2
5301.83864,92,234,yes,27,16,yes,3,3,yes,2511,integrated,yes,no,no,15,2
4448.592017,48,298,no,28,17,no,2,4,yes,1725,integrated,yes,no,yes,13,1
3302.919739,20,387,no,10,15,yes,3,5,no,2207,integrated,no,yes,no,73,3
3887.184471,50,266,no,3,16,yes,4,3,yes,2472,integrated,yes,yes,no,81,2
5608.987867,86,419,no,21,14,no,4,6,yes,2990,dedicated,yes,no,yes,49,2
4189.238699,76,282,no,12,16,yes,4,8,no,2372,dedicated,yes,yes,no,18,2
4215.493662,99,269,yes,10,16,no,1,6,yes,1287,dedicated,yes,yes,no,97,4
4695.682556,60,478,yes,13,17,no,4,5,yes,1846,dedicated,yes,yes,yes,96,4
5458.504216,92,449,no,15,15,yes,2,7,yes,3435,integrated,no,yes,yes,60,2
3212.684449,59,80,no,14,17,yes,4,8,yes,1104,integrated,no,yes,no,18,3
5594.932584,27,216,yes,28,16,yes,4,4,yes,3334,dedicated,yes,no,no,90,4
3316.148668,37,169,yes,5,16,no,1,8,no,3982,integrated,yes,yes,no,28,3
4829.819699,84,82,no,17,16,no,2,7,no,1768,integrated,yes,yes,yes,88,4
5164.555362,42,243,yes,30,16,yes,3,,yes,3228,dedicated,yes,yes,no,8,1
4747.290211,68,279,no,13,16,yes,2,9,no,2868,dedicated,no,yes,no,95,3
5242.779997,74,365,yes,24,14,yes,3,8,no,2704,dedicated,yes,yes,yes,14,4
4028.708643,47,401,no,21,16,yes,1,3,no,1421,integrated,no,yes,no,61,3
5184.037942,77,93,no,26,17,yes,4,3,no,1374,dedicated,no,no,yes,42,1
3348.627645,45,357,yes,2,14,no,2,4,no,3648,integrated,yes,yes,no,39,2
4278.278965,45,256,yes,16,17,yes,3,5,no,1545,dedicated,no,yes,yes,74,1
3727.192682,51,343,no,12,16,no,4,6,yes,1924,integrated,yes,yes,yes,15,2
5457.517676,57,176,yes,29,17,yes,3,9,yes,2894,dedicated,yes,no,no,63,1
4699.715971,71,250,yes,12,16,no,3,8,yes,3395,integrated,no,yes,yes,55,2
4088.494303,98,487,no,11,14,yes,4,7,no,1145,dedicated,yes,no,no,62,4
4196.762752,74,80,yes,6,17,no,1,7,no,4011,integrated,yes,no,no,73,3
4597.890285,90,384,yes,21,17,yes,3,5,yes,1383,integrated,yes,yes,yes,7,3
3783.319888,72,331,yes,6,16,yes,3,2,yes,2572,dedicated,no,yes,no,2,2
3615.618767,47,339,no,6,14,no,3,4,no,2195,integrated,yes,no,yes,79,3
4215.274327,55,336,no,29,17,no,2,4,no,1719,integrated,no,no,no,27,1
6214.296693,97,127,yes,27,17,no,3,3,yes,3495,integrated,yes,no,no,82,3
4018.812301,55,288,no,7,17,yes,1,9,no,3073,dedicated,no,no,yes,58,2
4211.792009,82,237,yes,5,14,yes,1,5,yes,3032,integrated,no,no,yes,84,2
3505.521168,39,136,yes,5,17,no,2,7,yes,2098,dedicated,yes,yes,yes,81,3
4377.797895,84,271,yes,9,15,yes,1,8,no,1977,dedicated,no,yes,yes,94,2
6607.848561,93,302,yes,29,14,yes,2,3,no,3754,integrated,no,no,yes,93,1
4113.775015,30,139,yes,22,15,no,4,7,yes,1221,dedicated,no,yes,yes,82,2
4856.665628,52,87,yes,27,14,yes,3,3,yes,2158,integrated,no,no,no,80,4
5508.955083,84,275,yes,12,17,yes,3,4,yes,3951,dedicated,no,no,yes,55,4
4616.870753,23,421,no,24,14,no,4,4,yes,1908,integrated,yes,no,yes,92,1
3586.964387,91,244,yes,12,17,yes,4,6,yes,1276,integrated,no,no,no,23,2
6175.23539,81,265,no,27,16,yes,1,8,yes,3805,integrated,yes,yes,yes,42,4
3288.703451,39,362,no,13,14,yes,2,6,yes,1446,dedicated,no,yes,no,26,3
4759.573009,62,324,no,27,15,no,2,5,no,2476,integrated,yes,no,yes,10,2
5372.624224,84,489,yes,31,17,no,4,7,yes,2260,integrated,no,no,no,55,2
4758.353932,97,182,yes,25,17,no,4,3,no,1238,dedicated,no,no,no,55,4
5851.949688,83,103,yes,27,16,yes,1,3,yes,2894,dedicated,no,yes,no,59,3
5225.733617,84,165,yes,20,16,yes,3,9,yes,2990,dedicated,no,no,yes,52,1
4046.785385,45,344,yes,12,17,no,2,2,yes,1703,dedicated,yes,yes,yes,49,3
2994.128334,23,257,yes,8,17,yes,3,5,yes,1140,integrated,yes,yes,yes,,1
5006.717931,94,140,no,18,15,yes,1,3,yes,2059,dedicated,yes,no,no,48,1
4656.978627,57,297,yes,17,14,no,4,5,yes,2036,integrated,yes,yes,yes,95,4
3996.715403,23,154,no,19,16,yes,3,7,yes,2415,dedicated,no,yes,no,23,1
4755.682735,42,118,no,12,14,yes,3,5,no,3917,dedicated,yes,yes,yes,14,1
6306.089992,49,235,no,31,16,yes,2,5,yes,3385,dedicated,yes,no,yes,68,3
4172.22848,50,146,no,5,14,no,3,3,yes,3480,dedicated,yes,yes,yes,24,3
5166.242048,99,494,yes,24,17,yes,1,7,yes,2316,integrated,yes,yes,no,36,2
5686.29402,90,286,no,26,15,yes,3,5,yes,2931,integrated,no,no,yes,28,3
4713.096375,91,402,no,12,15,no,1,7,yes,3772,integrated,yes,yes,no,12,3
3608.075071,48,90,no,7,14,yes,4,5,yes,1696,dedicated,yes,yes,no,73,1
5229.691562,81,195,no,12,14,yes,3,5,yes,3249,dedicated,no,no,yes,67,1
4299.691074,94,124,no,5,15,no,2,4,no,2290,integrated,yes,no,yes,94,4
5506.850972,73,417,yes,30,16,no,3,4,yes,3016,integrated,yes,no,no,43,1
4551.181772,97,177,no,5,15,yes,2,9,yes,3906,integrated,yes,no,no,39,2
5684.378428,37,370,no,29,14,yes,3,4,yes,3772,integrated,no,yes,yes,25,2
4576.022916,57,228,yes,7,17,yes,3,6,yes,3492,dedicated,no,yes,yes,49,4
4019.858878,33,114,no,13,16,no,4,7,no,3206,integrated,yes,no,yes,51,2
3730.934768,94,172,no,5,15,no,3,4,no,2139,dedicated,yes,no,yes,2,1
4953.215249,90,322,no,22,14,yes,2,7,yes,2078,dedicated,yes,yes,no,21,3
4564.188572,52,130,no,25,15,no,4,5,no,1243,integrated,no,yes,yes,90,4
5358.77576,94,154,no,24,17,yes,2,5,no,1810,integrated,yes,yes,yes,45,1
5164.814352,67,453,yes,31,14,no,2,6,no,1756,integrated,yes,no,yes,86,3
3514.837393,32,182,yes,24,14,no,2,3,no,2241,integrated,no,no,no,4,4
5602.006275,92,119,no,15,16,no,2,2,no,3184,dedicated,no,yes,yes,67,4
4480.597507,37,152,no,18,16,no,3,3,no,2912,dedicated,no,no,yes,31,4
3884.796169,47,337,no,18,16,yes,2,8,yes,2606,integrated,no,yes,no,1,3
4479.454758,62,104,yes,20,15,yes,3,3,yes,1825,dedicated,yes,no,no,56,1
4608.029161,86,202,yes,23,15,yes,3,7,yes,1146,dedicated,no,yes,no,64,1
5584.196008,74,115,no,25,16,yes,3,2,yes,2901,integrated,no,yes,yes,18,2
3935.040339,58,122,no,7,17,no,2,9,yes,3828,integrated,no,yes,no,32,4
3765.546145,63,299,no,11,14,yes,2,6,no,1321,dedicated,yes,yes,yes,45,2
6028.666089,81,357,no,29,14,yes,3,2,no,3106,integrated,no,yes,yes,20,4
4910.215177,53,394,no,13,14,yes,2,9,yes,3897,dedicated,no,yes,no,61,2
3675.546356,49,214,no,9,14,no,4,2,no,1897,dedicated,yes,yes,yes,19,1
5064.017031,95,347,no,12,16,no,4,2,no,3198,integrated,yes,no,yes,41,3
4865.660481,33,300,yes,23,14,yes,3,6,no,3659,dedicated,no,no,yes,31,1
5091.201936,77,485,yes,27,15,yes,3,8,yes,2975,integrated,no,no,yes,6,3
4787.427945,59,448,no,30,17,no,3,4,yes,2008,dedicated,no,no,no,2,4
4387.514497,26,408,yes,26,15,no,1,8,no,3146,integrated,no,no,no,63,3
5415.113316,29,311,yes,23,14,yes,2,6,no,3651,dedicated,yes,no,yes,91,3
6461.944194,94,423,no,27,17,yes,4,4,no,3065,integrated,yes,yes,no,82,1
3982.564393,34,90,no,24,15,yes,3,6,no,1561,dedicated,yes,no,no,42,1
5281.026256,48,318,no,27,15,yes,4,8,no,2511,integrated,yes,no,yes,86,4
3979.462156,58,473,no,10,16,no,2,5,no,1930,dedicated,no,no,yes,86,1
5465.173273,84,182,no,23,17,yes,3,8,yes,2687,integrated,yes,no,no,85,4
5890.096919,87,430,no,21,14,no,4,7,no,3443,integrated,yes,no,yes,89,2
6160.635276,76,320,no,30,16,no,2,5,no,3173,dedicated,yes,no,yes,59,1
5572.80741,91,347,yes,24,15,yes,3,2,yes,3342,integrated,no,yes,no,7,3
4145.056316,74,235,yes,16,14,yes,2,4,no,1660,dedicated,no,yes,yes,28,4
4310.190592,86,327,no,11,15,no,4,5,yes,1633,dedicated,yes,yes,yes,23,2
3538.68564,22,113,no,7,14,yes,2,6,yes,2599,integrated,no,yes,yes,69,3
4286.98403,62,433,yes,18,16,no,2,3,no,2725,integrated,no,yes,no,23,4
5622.707499,81,132,yes,25,16,yes,3,2,no,1793,dedicated,yes,yes,yes,61,2
2729.705704,41,97,no,2,16,no,2,8,yes,1813,dedicated,yes,yes,yes,22,4
4980.511035,79,492,yes,6,16,yes,2,7,no,3844,dedicated,yes,no,yes,76,4
4778.083467,60,312,yes,13,17,yes,3,9,yes,3593,integrated,yes,yes,no,73,2
4547.907079,63,490,yes,19,17,yes,1,5,yes,2391,integrated,no,no,no,79,1
3567.861437,41,141,yes,7,16,yes,4,8,yes,2105,dedicated,no,yes,no,92,2
4017.295665,47,483,no,2,15,no,1,2,no,3372,dedicated,yes,no,yes,77,1
5128.987679,86,207,yes,23,16,no,4,5,yes,1697,dedicated,yes,yes,no,61,3
5383.527361,55,168,yes,19,16,no,3,6,no,3194,dedicated,yes,yes,yes,78,1
4647.35992,46,358,no,25,14,yes,4,5,yes,1271,dedicated,no,yes,yes,41,1
6172.136668,62,89,no,26,17,yes,4,4,no,3632,dedicated,no,no,yes,63,4
2497.95147,39,393,yes,2,17,no,1,2,no,2637,integrated,no,no,no,14,2
5360.05787,23,494,no,29,17,no,2,3,yes,3242,integrated,no,yes,yes,49,1
4585.334639,93,176,no,16,16,no,3,3,yes,2166,dedicated,yes,no,no,21,2
4858.071993,74,375,no,20,14,no,1,9,no,2822,dedicated,no,yes,yes,24,3
4390.379968,93,136,no,3,14,no,4,9,no,3399,dedicated,yes,no,yes,50,4
6106.28986,98,440,yes,26,15,no,2,4,yes,3049,dedicated,no,yes,yes,46,4
4026.112789,80,443,no,11,17,yes,1,7,yes,2017,dedicated,yes,yes,no,12,4
5032.062813,98,419,no,15,14,yes,2,9,no,2580,integrated,yes,yes,no,87,4
4943.558338,51,208,yes,31,14,yes,1,5,yes,1973,dedicated,yes,no,no,49,1
5068.921619,64,80,yes,15,16,no,4,9,no,3537,integrated,yes,yes,yes,95,1
3938.717302,20,492,no,22,14,yes,2,8,no,2491,dedicated,no,no,yes,18,4
4394.761726,36,412,yes,30,14,no,1,7,yes,2135,integrated,no,no,no,70,2
5169.88577,44,416,no,28,17,yes,3,3,yes,2349,dedicated,no,yes,no,31,2
4786.33564,96,96,no,20,16,yes,1,4,no,1507,integrated,yes,yes,yes,28,3
4514.669153,83,468,yes,20,15,yes,4,6,no,1176,integrated,yes,no,no,98,3
3518.058131,82,380,yes,3,14,yes,3,7,no,2190,dedicated,no,yes,yes,13,1
5348.747411,89,344,yes,30,15,yes,2,5,yes,2262,dedicated,no,no,no,18,4
5588.205027,90,121,yes,23,17,no,4,5,no,3081,integrated,no,yes,yes,54,2
5618.294948,62,280,no,25,17,no,1,8,no,3173,dedicated,yes,yes,yes,55,1
4178.485239,49,110,yes,15,14,no,3,7,yes,3735,dedicated,no,yes,no,3,4
2411.144867,31,134,yes,4,15,yes,4,9,yes,1238,integrated,yes,no,no,77,3
4651.599221,66,471,no,16,16,no,3,5,no,2413,dedicated,yes,no,yes,45,4
2458.40017,28,471,no,11,14,no,3,9,yes,1131,integrated,yes,no,no,41,2
3688.806871,86,88,yes,5,17,no,1,9,no,1485,dedicated,yes,yes,yes,85,4
5129.943454,74,346,no,16,16,no,3,5,yes,3374,dedicated,no,no,no,74,2
3583.248907,28,223,yes,2,17,yes,4,2,yes,3054,dedicated,yes,no,no,52,3
4589.266721,81,232,no,2,14,no,1,5,no,3885,dedicated,no,yes,yes,50,4
5880.103468,77,485,yes,23,14,no,4,4,no,3683,dedicated,yes,no,no,81,1
4823.331066,47,359,no,30,17,no,4,6,yes,1906,integrated,yes,no,no,59,3
3398.340823,38,369,yes,5,17,no,4,2,no,1488,dedicated,yes,yes,no,92,4
5039.761524,76,206,yes,19,17,yes,1,5,no,2930,integrated,yes,no,no,92,3
5587.925759,47,125,yes,31,14,yes,4,4,no,3775,integrated,yes,no,no,53,4
3438.524887,49,270,no,16,17,no,4,6,no,1689,integrated,no,no,yes,15,4
3187.27355,85,251,yes,7,16,yes,2,6,yes,1968,integrated,no,no,no,6,2
4542.984419,40,436,no,15,17,no,3,7,yes,2635,integrated,yes,yes,yes,77,1
5426.273857,50,221,no,31,17,no,1,2,no,2202,integrated,no,no,yes,89,1
4434.901582,61,348,no,14,15,yes,4,7,no,2908,integrated,yes,yes,no,42,4
3649.059735,56,210,no,18,17,no,2,2,no,1384,integrated,no,yes,no,27,3
4672.361871,36,216,yes,7,15,yes,4,2,no,3422,dedicated,yes,yes,yes,83,2
3529.387272,69,160,yes,23,16,no,3,6,no,1426,integrated,no,no,no,5,3
4073.76718,78,159,no,7,17,no,1,2,no,3354,integrated,yes,no,no,18,3
5757.472461,67,214,yes,24,17,no,3,6,yes,3817,dedicated,yes,no,no,81,2
3781.224561,57,224,no,25,14,yes,1,9,yes,1118,dedicated,no,no,no,29,4
4306.078643,27,387,yes,19,15,no,1,4,yes,3883,integrated,yes,yes,no,17,2
3551.795001,34,1416,yes,8,14,no,1,9,no,3949,integrated,yes,yes,yes,14,2
2914.910625,70,287,yes,6,17,no,2,3,yes,1112,integrated,no,no,no,53,2
4613.723905,82,200,no,19,15,no,2,3,no,1563,integrated,yes,no,yes,69,4
4653.773564,90,195,yes,19,14,no,1,8,no,1716,dedicated,no,no,yes,94,2
4752.28417,68,384,yes,3,17,no,3,5,yes,4026,integrated,yes,yes,yes,86,1
3684.307954,49,353,yes,8,17,yes,1,7,no,3777,integrated,no,no,no,43,1
5152.707447,28,498,yes,27,14,yes,4,2,no,3008,dedicated,no,no,yes,41,3
4705.017901,88,246,no,18,14,yes,4,6,no,2701,integrated,no,no,yes,17,2
4622.82557,80,360,yes,12,17,yes,3,3,yes,1941,integrated,yes,no,no,99,3
2516.150144,33,307,no,2,15,yes,1,5,yes,1805,integrated,no,no,no,62,4
3340.60154,38,202,yes,5,14,no,1,7,no,2575,integrated,yes,yes,yes,76,3
4525.081741,28,472,yes,25,14,no,1,5,no,2587,integrated,yes,yes,yes,56,2
5257.499073,97,406,yes,21,16,yes,1,2,no,1492,integrated,yes,no,yes,86,3
3496.105233,59,121,no,2,17,yes,2,3,no,1693,dedicated,yes,yes,yes,47,3
3857.771491,40,138,no,18,17,no,1,7,yes,1860,dedicated,no,no,yes,46,3
2948.866796,33,142,yes,15,15,no,4,2,yes,1434,integrated,no,no,no,43,2
4325.749024,46,417,no,19,15,yes,1,5,yes,3135,integrated,no,no,no,32,1
5616.584231,50,288,yes,26,15,yes,4,2,yes,3619,integrated,no,yes,yes,22,1
5124.355621,34,462,yes,31,16,no,2,2,no,2392,dedicated,yes,yes,yes,20,3
3925.684435,55,483,no,27,14,yes,2,9,yes,1148,dedicated,no,no,no,13,1
5271.428879,54,357,no,14,15,yes,4,7,no,3896,integrated,yes,no,yes,88,4
5553.003502,58,235,no,27,17,no,4,4,no,3786,dedicated,no,no,yes,9,1
4914.60628,31,160,no,20,15,no,4,7,no,2815,integrated,yes,yes,yes,99,2
5055.632418,53,440,yes,20,14,no,4,6,yes,3585,dedicated,yes,no,yes,24,4
3925.266738,40,478,yes,19,15,no,3,2,yes,1246,dedicated,yes,no,yes,34,4
4721.563723,50,428,yes,11,17,no,4,8,yes,4069,integrated,no,yes,yes,52,2
3647.076145,54,455,no,3,15,yes,3,7,no,3126,dedicated,yes,no,no,48,3
4609.196727,71,139,yes,28,17,no,4,8,no,1304,integrated,yes,yes,no,64,1
3465.782977,26,435,no,14,15,no,3,6,no,3328,integrated,no,no,no,3,1
5876.760892,57,260,no,29,14,yes,1,9,no,3904,integrated,no,yes,yes,61,2
4173.606036,64,95,no,10,16,no,1,9,yes,3921,integrated,no,yes,yes,3,2
3485.584546,57,270,no,3,16,yes,1,7,yes,3964,integrated,no,no,no,2,3
5075.486478,83,346,no,2,17,yes,4,3,yes,3915,integrated,no,no,yes,88,3
4896.142753,69,315,no,26,17,no,1,8,yes,2560,integrated,yes,yes,yes,2,4
4448.809508,52,374,no,14,15,no,3,7,yes,3283,integrated,yes,yes,yes,16,1
5099.665931,31,163,yes,22,15,yes,2,2,no,4035,integrated,yes,no,no,74,1
4459.985715,21,172,yes,24,17,no,3,4,no,3791,integrated,no,no,no,39,1
4669.831133,50,158,yes,15,16,yes,4,7,no,3732,integrated,no,yes,yes,35,3
4595.529831,95,173,no,13,16,no,4,7,yes,1655,dedicated,no,no,no,98,4
5096.826356,75,187,no,17,14,yes,2,5,no,3907,dedicated,yes,no,no,20,3
5491.22625,60,275,no,21,15,yes,4,6,no,4039,integrated,no,yes,yes,16,4
4633.853224,62,81,yes,30,14,no,2,5,yes,2270,integrated,yes,yes,no,11,3
3402.462704,33,109,no,7,15,yes,3,9,no,3840,dedicated,no,no,no,1,2
3711.450627,80,368,yes,8,14,no,2,6,no,1772,dedicated,yes,yes,yes,28,3
5575.475515,44,438,no,31,17,no,3,2,yes,3700,integrated,no,yes,no,3,1
5873.256624,56,423,yes,30,14,yes,3,5,yes,4071,dedicated,no,no,no,38,4
5369.103005,56,87,no,31,17,no,1,5,yes,1529,dedicated,no,yes,yes,83,3
3972.069849,92,371,no,2,14,yes,3,8,no,1909,dedicated,yes,yes,yes,51,1
2358.793559,51,163,yes,5,16,yes,1,9,no,1153,integrated,yes,yes,yes,19,4
4459.82285,53,324,yes,10,14,yes,3,4,no,3563,integrated,no,yes,no,86,4
5167.170735,79,330,no,31,16,yes,2,7,no,1944,dedicated,yes,no,no,23,1
3996.25391,47,275,yes,18,17,yes,1,9,yes,2123,integrated,yes,no,no,81,2
3202.24215,55,375,yes,16,17,no,2,9,no,1148,integrated,yes,yes,yes,19,1
5336.160773,72,319,yes,16,14,no,4,3,yes,3165,dedicated,no,no,yes,76,4
4979.693159,72,328,yes,10,15,yes,4,6,yes,3799,integrated,no,no,yes,75,3
3389.116106,21,304,yes,14,17,yes,3,2,no,1529,dedicated,no,yes,no,45,2
4451.266722,23,202,no,23,15,yes,2,4,yes,2407,integrated,no,yes,yes,31,4
2819.698909,74,239,yes,4,15,yes,1,6,yes,1724,integrated,yes,no,no,20,4
3001.938925,93,122,yes,6,16,yes,2,8,yes,1493,integrated,yes,no,no,11,2
4728.983557,30,114,no,30,14,yes,3,9,yes,2746,integrated,yes,no,yes,18,1
5615.850161,60,311,yes,26,14,no,1,8,no,3592,dedicated,yes,no,yes,86,1
4285.930031,71,154,yes,16,14,yes,3,9,no,2612,integrated,no,no,no,95,2
3826.549669,27,448,yes,26,16,no,1,6,no,1577,integrated,yes,no,no,77,1
4910.400387,65,420,yes,26,14,yes,1,9,no,2517,dedicated,yes,yes,yes,11,1
5368.374847,83,309,yes,18,17,no,2,3,yes,2933,dedicated,yes,no,no,85,2
4741.206918,29,123,no,11,16,yes,2,8,yes,3546,dedicated,yes,yes,yes,75,3
5354.883557,72,362,yes,30,14,yes,2,8,no,3272,dedicated,no,no,no,27,3
4869.380622,47,383,no,7,15,yes,3,4,yes,3967,dedicated,no,yes,yes,61,2
3580.490074,30,188,yes,9,16,no,3,8,no,3324,dedicated,yes,yes,no,46,4
5621.18534,79,265,no,21,16,yes,1,5,yes,3251,integrated,yes,no,yes,66,2
3956.369809,45,192,no,16,17,yes,4,2,yes,1182,integrated,no,no,yes,64,3
4224.464139,70,271,yes,11,17,yes,3,2,no,2008,dedicated,yes,yes,no,45,1
3805.817643,52,298,no,13,14,no,1,7,yes,1625,integrated,yes,yes,yes,76,2
3607.989881,49,275,yes,2,17,no,2,3,no,3890,dedicated,yes,yes,no,5,2
5029.96649,42,342,no,24,16,no,2,8,yes,3792,integrated,yes,no,no,61,4
4477.920833,54,477,no,10,17,no,3,2,yes,4035,integrated,no,yes,no,10,3
4377.726859,24,335,no,16,16,no,3,6,no,2183,dedicated,yes,yes,yes,90,4
3824.320059,49,84,no,11,16,no,2,9,no,2199,dedicated,no,no,yes,83,4
5436.739268,20,283,yes,31,15,yes,2,2,yes,4089,integrated,no,no,no,59,1
3274.081593,20,392,yes,3,15,yes,1,6,yes,3632,integrated,yes,no,no,62,3
5554.773203,88,301,no,15,16,no,3,5,yes,3784,integrated,no,yes,no,82,2
5030.35541,73,494,no,12,14,no,3,8,yes,4014,integrated,no,yes,no,70,4
3660.563698,31,100,no,7,14,no,4,8,yes,3413,integrated,yes,no,yes,38,3
3882.967146,36,150,no,11,17,no,3,5,yes,2811,integrated,no,no,yes,61,4
4040.694265,40,336,no,10,15,yes,4,9,yes,2359,integrated,no,yes,yes,90,3
5650.35374,94,215,yes,8,17,no,2,3,yes,4083,dedicated,yes,yes,no,96,2
3974.537927,85,497,yes,15,14,yes,1,5,no,1784,integrated,no,yes,no,31,2
5863.393325,71,206,yes,21,14,yes,3,5,yes,3469,dedicated,yes,yes,yes,52,4
5686.704012,88,93,no,20,15,no,3,4,no,3796,dedicated,no,no,yes,26,2
3808.801122,64,440,yes,4,17,yes,2,3,yes,2843,integrated,no,None,yes,13,2
4342.779766,68,377,no,7,17,no,3,7,no,3960,dedicated,yes,no,no,23,2
5589.806567,53,242,yes,30,16,yes,3,7,no,3687,dedicated,yes,yes,no,21,4
3783.686785,20,315,yes,12,15,no,2,5,no,3939,dedicated,yes,no,yes,4,1
3599.391234,27,159,yes,8,14,no,4,5,yes,2573,dedicated,yes,no,no,86,3
4556.178081,20,235,no,13,15,no,1,2,yes,3730,dedicated,no,yes,yes,48,3
4827.222962,40,399,yes,30,14,yes,1,9,yes,1870,dedicated,yes,yes,no,63,1
3364.422347,38,440,no,9,14,yes,4,2,no,2070,integrated,no,yes,yes,14,1
5338.471687,92,408,yes,25,16,yes,3,5,no,2996,dedicated,no,no,no,24,3
5444.635673,71,149,yes,30,16,yes,2,2,no,1373,dedicated,yes,yes,no,82,1
2426.022582,23,120,no,6,15,no,4,8,yes,1563,integrated,no,no,no,68,3
4797.337972,55,145,no,11,15,no,1,6,yes,3824,integrated,yes,yes,no,75,2
4415.729453,35,471,yes,7,16,yes,4,8,yes,3632,dedicated,no,yes,yes,73,3
5104.40336,47,322,no,19,14,no,3,6,no,3475,dedicated,yes,no,yes,50,1
3468.935972,25,485,yes,12,16,yes,3,2,yes,2162,integrated,no,no,no,65,4
6144.448504,76,251,no,30,16,no,4,2,yes,2483,integrated,yes,yes,no,90,2
3134.820246,50,132,no,5,15,no,1,7,no,2279,dedicated,yes,yes,no,31,4
4550.776231,23,385,yes,11,17,no,1,3,yes,4002,dedicated,yes,no,no,95,2
3211.659612,60,114,yes,13,17,no,1,6,yes,1393,integrated,no,yes,no,52,2
5062.449721,79,222,yes,2,17,yes,3,4,yes,3548,dedicated,yes,yes,yes,81,4
4806.356752,59,183,yes,19,16,no,2,3,no,3387,dedicated,no,yes,yes,2,2
5030.685931,31,424,yes,20,15,yes,4,4,yes,3950,dedicated,no,no,yes,16,2
3224.5137,33,349,yes,2,15,no,1,4,no,2556,dedicated,yes,no,no,90,4
3003.899819,45,401,no,2,17,no,4,8,no,1584,integrated,yes,yes,yes,68,3
3617.923016,22,446,yes,17,16,no,4,3,yes,1918,dedicated,yes,no,no,45,4
4777.61373,81,420,yes,10,14,no,1,3,yes,3487,integrated,no,yes,no,83,1
4251.874766,44,475,no,17,17,yes,2,8,yes,2467,integrated,no,no,yes,63,4
3940.112543,21,260,no,14,15,no,1,3,no,3625,dedicated,no,yes,no,22,4
3159.201386,34,138,yes,2,14,yes,3,9,yes,2054,dedicated,no,yes,yes,79,3
3982.255333,63,279,no,4,17,yes,2,2,no,2510,dedicated,yes,yes,no,41,4
4757.634321,64,163,yes,20,14,yes,4,3,no,3627,integrated,no,no,no,8,2
5959.217058,77,499,no,28,17,no,2,4,no,2371,dedicated,yes,no,yes,78,3
4982.100446,28,420,yes,21,17,no,3,3,no,4020,dedicated,yes,no,no,55,2
3888.127377,43,382,yes,2,14,yes,2,5,no,3926,dedicated,yes,no,no,65,3
4052.978288,79,135,no,13,15,yes,2,3,yes,1089,dedicated,yes,no,yes,33,4
5527.150711,87,405,yes,21,14,yes,3,8,no,3594,integrated,yes,no,no,79,1
3333.927261,36,182,yes,7,15,yes,3,7,yes,3009,integrated,no,yes,yes,15,2
2375.178143,20,437,yes,5,16,no,3,2,yes,1516,integrated,no,no,no,73,2
3783.143042,59,249,no,3,16,no,2,4,no,3442,integrated,no,yes,no,51,4
4217.816142,55,373,yes,4,15,yes,4,3,no,2816,dedicated,no,no,yes,99,4
6528.80476,97,391,yes,21,16,yes,1,2,no,3563,dedicated,yes,yes,yes,82,1
4550.335094,24,239,no,17,17,no,1,3,yes,2876,dedicated,yes,no,yes,66,3
4811.816138,23,212,no,29,16,yes,3,6,no,3141,dedicated,yes,no,no,5,1
3911.123475,25,409,no,23,15,no,3,6,no,1183,integrated,no,yes,yes,70,2
5714.753414,57,413,no,21,17,yes,3,4,yes,3492,integrated,no,yes,yes,50,3
4347.126166,96,471,yes,6,17,no,4,3,yes,2824,integrated,yes,no,yes,17,2
5554.95476,26,254,no,24,14,no,4,5,yes,3881,dedicated,yes,yes,no,77,4
3494.872911,86,346,no,5,15,yes,2,9,no,1154,dedicated,yes,yes,no,64,3
2752.704806,99,453,yes,2,14,no,2,7,yes,1802,integrated,yes,no,no,12,4
2636.117189,42,399,yes,2,15,no,1,5,yes,1098,dedicated,no,no,yes,74,3
4639.88205,33,109,yes,30,14,yes,4,3,yes,1910,integrated,yes,yes,yes,4,4
3682.429779,45,428,no,3,14,yes,2,3,yes,3228,integrated,yes,no,yes,9,3
4820.584232,86,88,yes,17,15,yes,4,6,no,2750,integrated,yes,yes,no,39,1
3295.468524,65,282,yes,4,15,no,3,3,no,2761,dedicated,yes,no,no,10,4
4170.729744,75,459,no,6,14,no,1,7,yes,3152,dedicated,no,no,yes,52,1
5197.546524,77,238,yes,24,14,no,4,6,yes,1370,dedicated,yes,yes,yes,90,2
4933.089058,97,86,yes,13,15,yes,1,6,no,2835,dedicated,no,yes,no,71,2
3600.245104,39,448,no,22,16,no,2,9,yes,1457,dedicated,no,yes,no,15,4
3230.907186,66,181,no,10,17,no,2,9,no,1466,integrated,yes,yes,yes,13,2
4540.75464,75,151,yes,20,15,yes,2,9,no,1881,dedicated,yes,yes,no,63,3
3233.61556,86,459,no,3,16,no,2,7,yes,1849,integrated,yes,no,no,53,2
3704.718843,22,424,yes,2,16,no,3,2,no,3094,integrated,no,yes,yes,96,1
4209.123271,45,207,no,17,14,yes,1,7,yes,2947,dedicated,yes,yes,no,6,4
3485.306606,20,402,no,16,14,no,2,3,no,1696,dedicated,no,yes,no,66,1
4528.060721,57,457,no,17,17,yes,4,4,yes,1339,integrated,yes,yes,no,92,3
4313.512743,72,155,no,20,16,no,1,9,yes,1668,integrated,no,yes,yes,53,3
4471.709403,24,376,yes,29,15,no,4,7,no,1379,dedicated,yes,yes,yes,62,4
5711.503794,34,393,yes,25,17,no,2,9,no,3733,dedicated,yes,yes,yes,93,3
3365.44282,29,110,yes,8,15,yes,1,5,yes,2750,integrated,no,yes,yes,31,2
2349.283351,36,178,yes,6,17,no,3,8,no,1225,integrated,yes,no,yes,35,3
4230.231449,22,258,yes,20,16,no,1,6,yes,3342,dedicated,no,no,no,60,3
5513.958571,78,498,no,23,14,no,3,3,no,2292,integrated,yes,yes,yes,66,4
4191.631844,73,478,yes,18,16,no,4,9,yes,1733,integrated,yes,yes,yes,32,1
2991.099763,30,495,no,3,15,yes,3,8,no,1619,dedicated,no,no,yes,88,3
4030.561161,77,284,yes,19,15,no,1,2,no,1120,integrated,yes,yes,no,65,1
3415.56555,87,333,no,7,16,no,1,8,yes,1199,dedicated,yes,yes,no,45,4
5982.347261,36,214,no,31,15,no,4,5,yes,3592,dedicated,no,yes,no,75,2
3004.236928,31,444,no,13,16,no,1,8,yes,1666,integrated,yes,no,yes,21,4
4104.402528,76,141,yes,17,15,yes,4,7,yes,2234,integrated,no,no,no,33,1
5931.484362,56,88,no,26,17,yes,3,6,yes,3966,integrated,yes,yes,no,54,4
4456.46242,57,179,yes,21,16,yes,2,9,no,1856,dedicated,no,yes,yes,64,2
3908.792527,30,398,yes,20,15,no,4,9,no,2492,dedicated,yes,yes,no,25,3
3113.292824,39,204,no,15,14,no,4,6,no,1236,integrated,yes,no,no,37,3
5896.756498,69,105,yes,31,15,yes,1,4,no,2804,dedicated,yes,no,yes,80,1
3378.382843,93,211,yes,3,14,no,4,4,no,2105,integrated,no,no,yes,26,3
4758.778457,87,100,yes,28,17,yes,3,9,no,1583,integrated,no,no,yes,27,4
5002.588997,90,336,yes,30,16,no,1,8,yes,1142,dedicated,no,no,no,83,2
4807.18445,83,224,no,15,16,no,1,2,yes,2761,dedicated,no,no,no,51,1
4453.160885,84,385,yes,11,14,no,3,9,no,4080,integrated,no,no,yes,25,1
5335.200192,33,471,yes,30,16,no,4,3,yes,3821,integrated,no,no,no,46,1
4598.30295,84,115,yes,19,17,yes,2,7,no,1989,dedicated,yes,yes,no,44,3
4560.094044,45,148,yes,15,14,yes,4,5,no,3660,integrated,no,no,yes,68,1
4187.092832,43,269,no,18,16,no,4,8,yes,2435,dedicated,no,yes,no,52,1
5608.170392,99,416,yes,22,17,yes,2,8,no,3884,integrated,yes,no,no,32,4
4480.919107,43,163,no,27,15,yes,1,7,no,2060,dedicated,yes,no,yes,24,4
3928.840383,73,350,no,11,15,yes,3,6,yes,1250,integrated,yes,yes,no,77,4
5918.904276,94,133,no,28,14,yes,1,8,no,2854,integrated,yes,yes,yes,43,3
3417.698314,52,320,yes,13,17,no,2,6,yes,1315,integrated,no,no,yes,76,2
4838.959184,50,215,no,21,14,yes,4,6,no,3587,integrated,no,yes,no,28,3
5603.508901,51,492,yes,30,15,yes,4,5,yes,2339,dedicated,no,yes,yes,43,2
4680.422905,28,3,no,14,14,yes,3,3,no,3913,dedicated,no,no,yes,36,1
4428.069832,42,238,yes,13,16,yes,4,8,no,3299,integrated,yes,yes,no,93,2
4959.888074,24,244,yes,31,16,yes,1,8,yes,3060,dedicated,yes,yes,no,33,1
4149.450881,30,267,yes,19,16,yes,3,5,no,2126,dedicated,yes,no,no,65,2
5690.937841,85,159,no,30,14,yes,4,6,yes,2073,integrated,no,yes,no,52,1
3674.875324,89,257,no,3,17,yes,1,4,yes,1795,integrated,yes,no,yes,27,4
3849.829345,57,161,yes,17,15,no,2,4,yes,1652,integrated,no,yes,no,70,2
5480.389234,96,383,yes,21,15,yes,4,7,no,2927,dedicated,yes,yes,yes,13,1
4614.172098,82,234,no,28,15,no,1,9,no,1460,integrated,no,no,no,86,2
5703.019778,91,358,no,16,17,yes,4,3,no,2895,integrated,yes,yes,no,96,4
4760.866187,96,158,yes,12,16,yes,1,8,no,3130,integrated,yes,yes,yes,40,3
4464.921849,41,215,yes,23,14,yes,2,4,no,3239,dedicated,no,no,no,27,1
4042.227415,82,247,yes,19,15,yes,3,8,yes,1209,dedicated,no,no,no,43,4
5418.355644,76,428,yes,22,14,no,3,8,yes,3647,integrated,no,no,yes,61,1
5492.663446,81,228,no,31,15,no,3,6,no,1697,dedicated,no,yes,no,81,3
4447.177837,60,182,no,14,14,no,3,2,no,2434,dedicated,yes,no,no,76,2
4747.598971,69,419,no,23,17,no,3,5,no,2793,dedicated,no,no,no,11,3
4511.530845,48,436,yes,11,16,yes,1,7,yes,3636,integrated,no,yes,yes,49,1
4601.562935,96,322,no,10,14,yes,3,8,yes,2698,dedicated,no,yes,no,32,2
3688.295793,59,188,yes,10,15,yes,3,8,no,2891,integrated,no,no,yes,46,3
5537.568436,97,174,no,20,14,yes,4,8,yes,2838,dedicated,no,no,yes,41,101
4656.883716,92,284,yes,27,16,yes,1,5,no,1509,integrated,no,no,no,55,2
3270.45251,33,157,no,8,15,yes,2,2,no,1842,integrated,yes,yes,no,61,3
4068.774371,36,277,yes,25,15,no,3,6,no,1098,dedicated,yes,yes,yes,53,2
5088.950075,54,388,yes,15,17,no,3,4,yes,3677,dedicated,yes,no,no,84,2
4030.069047,65,112,no,16,16,yes,2,7,no,1625,integrated,yes,no,no,80,3
4656.812441,41,237,no,8,16,None,4,6,no,3970,dedicated,yes,yes,no,54,4
4958.098042,48,288,no,19,16,no,1,5,yes,2616,integrated,no,yes,yes,98,4
4858.144177,36,296,no,11,17,no,4,2,no,3617,integrated,no,yes,yes,91,4
5077.326441,95,174,no,11,14,yes,3,7,yes,2221,integrated,yes,yes,yes,93,2
5316.771337,59,470,no,26,16,no,2,4,no,2282,dedicated,yes,no,no,90,2
4176.803054,51,113,yes,5,17,no,3,8,yes,3352,integrated,yes,yes,yes,89,4
4489.442175,66,226,no,9,15,yes,1,9,no,3886,integrated,yes,no,yes,54,1
5217.111929,92,371,no,15,15,no,1,3,yes,2664,dedicated,no,no,yes,82,2
5376.80639,86,212,yes,20,17,yes,1,7,no,3414,dedicated,yes,yes,no,44,1
3874.032413,67,228,yes,13,17,yes,1,5,no,2316,dedicated,no,yes,no,11,2
4795.076425,64,462,yes,5,17,yes,1,6,yes,3229,dedicated,no,yes,yes,99,1
4817.314564,75,401,no,25,16,yes,4,9,no,1582,integrated,yes,yes,no,72,1
4605.736102,59,423,no,17,16,yes,4,3,no,2454,dedicated,no,yes,no,31,1
5412.748032,57,188,yes,26,17,yes,2,9,yes,3071,dedicated,yes,yes,no,68,2
3863.784193,21,252,yes,20,15,yes,4,5,no,2467,dedicated,yes,no,no,26,1
4987.857949,87,431,no,21,16,yes,1,3,no,1170,integrated,yes,yes,yes,70,1
5375.671469,25,293,no,19,16,yes,3,2,no,3799,integrated,no,yes,yes,84,3
3396.479635,28,254,no,14,15,yes,3,7,yes,1244,dedicated,no,no,no,76,4
3068.644439,30,346,no,6,16,no,1,7,no,2482,dedicated,no,yes,no,42,4
4363.431239,50,491,no,10,15,no,3,5,yes,3179,integrated,no,no,no,96,2
5676.495179,93,269,yes,29,15,yes,3,8,no,2688,integrated,yes,yes,no,53,3
4437.066868,22,406,yes,15,17,yes,1,6,yes,3353,integrated,no,no,yes,90,3
3792.621455,63,133,yes,8,17,yes,1,6,yes,1730,dedicated,yes,yes,yes,50,1
4430.109711,23,264,no,15,16,no,1,7,yes,3930,integrated,no,yes,yes,36,4
5904.458861,92,123,no,17,15,no,4,4,no,3844,integrated,no,yes,yes,79,2
4775.780711,1275,299,yes,17,15,no,3,4,no,3316,integrated,yes,no,yes,25,1
3169.823305,65,86,no,9,16,no,2,7,no,2882,integrated,no,no,no,9,1
2964.42663,27,481,yes,3,14,yes,3,6,yes,3726,integrated,yes,no,no,1,1
3724.86683,71,243,yes,14,15,no,4,6,yes,1287,integrated,yes,yes,no,53,2
5696.145383,29,484,no,28,17,no,1,3,yes,3289,integrated,no,yes,yes,89,1
6510.654901,97,244,yes,26,15,no,4,2,yes,3577,integrated,no,no,yes,98,1
5221.457074,95,485,yes,11,15,no,3,4,yes,3060,dedicated,yes,no,yes,69,3
5561.305585,92,464,yes,18,15,yes,4,2,yes,2335,dedicated,yes,no,no,82,1
4922.999988,64,493,no,2,16,yes,1,5,yes,4082,dedicated,no,no,yes,99,1
4051.840302,25,384,yes,14,14,no,3,2,yes,2375,dedicated,yes,no,yes,60,1
4201.197502,20,467,no,20,15,no,1,6,yes,3678,integrated,no,no,yes,17,1
3387.220828,39,389,no,9,15,yes,2,3,no,1541,integrated,yes,no,yes,60,4
5231.132937,64,167,yes,27,17,no,2,4,no,2862,integrated,no,yes,no,75,2
4803.301471,32,449,no,28,17,no,2,5,no,2579,dedicated,no,yes,no,50,1
5536.885309,26,329,yes,27,17,yes,3,3,yes,3492,integrated,no,no,yes,78,2
4329.719691,59,188,yes,9,15,yes,1,5,no,2630,dedicated,yes,no,yes,89,1
4440.809443,32,294,yes,24,15,yes,3,8,no,2135,integrated,no,no,yes,94,1
3211.355274,69,459,no,7,15,no,1,6,no,1319,dedicated,yes,no,yes,28,3
3685.125762,50,474,yes,16,15,yes,4,2,yes,1322,integrated,no,no,no,57,2
3541.625157,81,321,yes,7,16,no,1,4,no,1749,integrated,yes,no,yes,48,1
4937.951028,41,367,no,26,16,yes,1,7,yes,2208,dedicated,no,yes,yes,46,4
6902.923585,64,233,no,31,17,yes,4,9,no,3878,dedicated,yes,yes,yes,91,2
4150.453595,92,213,yes,17,17,no,2,9,no,1736,integrated,yes,no,no,74,1
3469.023412,47,449,yes,10,17,yes,3,9,no,2045,integrated,no,no,yes,75,1
4991.040036,85,355,no,10,17,yes,4,3,no,2950,dedicated,no,no,yes,48,3
3747.459872,56,294,yes,8,17,yes,3,6,no,3179,integrated,yes,no,no,36,4
4098.586731,26,84,no,8,17,yes,3,7,no,3066,integrated,no,yes,yes,94,3
4242.493983,32,268,yes,30,14,yes,1,3,no,1289,integrated,no,yes,yes,41,3
3047.147562,47,163,no,4,17,yes,1,6,yes,2423,integrated,yes,no,no,32,None
4956.937469,65,86,yes,28,14,no,1,4,no,2637,dedicated,yes,yes,no,14,4
3985.545864,53,377,yes,16,14,no,1,2,no,2400,dedicated,yes,no,yes,17,4
4518.645541,84,117,no,17,16,yes,1,3,no,1580,integrated,no,yes,yes,45,4
3115.438761,45,233,no,9,15,yes,1,8,no,1936,integrated,yes,yes,yes,3,4
4067.984094,33,256,yes,27,15,yes,1,9,no,2105,integrated,no,no,no,82,4
3458.549515,89,493,yes,3,17,no,1,5,no,2412,integrated,no,yes,yes,11,4
5376.149078,60,272,no,27,14,yes,3,7,yes,2858,dedicated,yes,no,no,49,4
4261.471078,62,453,yes,3,17,yes,4,5,yes,3049,integrated,no,yes,yes,68,4
3462.657199,28,477,yes,8,15,no,1,6,yes,2329,dedicated,no,no,yes,88,4
